id,categories,osd
00a0a17f-835d-40b7-9c10-ba98b1df3682,160,0.6514350365123545
0a0a80b2-56cb-4902-910b-c00d31451d54,16 160,0.6356452895924389
